store,websites,attribute_set,type,category_ids,sku,has_options,name,meta_title,meta_description,image,small_image,thumbnail,url_key,url_path,custom_design,page_layout,options_container,image_label,small_image_label,thumbnail_label,country_of_manufacture,msrp_enabled,msrp_display_actual_price_type,gift_message_available,price,special_price,weight,msrp,status,is_recurring,visibility,tax_class_id,description,short_description,meta_keyword,custom_layout_update,special_from_date,special_to_date,news_from_date,news_to_date,custom_design_from,custom_design_to,qty,min_qty,use_config_min_qty,is_qty_decimal,backorders,use_config_backorders,min_sale_qty,use_config_min_sale_qty,max_sale_qty,use_config_max_sale_qty,is_in_stock,low_stock_date,notify_stock_qty,use_config_notify_stock_qty,manage_stock,use_config_manage_stock,stock_status_changed_auto,use_config_qty_increments,qty_increments,use_config_enable_qty_inc,enable_qty_increments,is_decimal_divided,stock_status_changed_automatically,use_config_enable_qty_increments,product_name,store_id,product_type_id,product_status_changed,product_changed_websites
admin,base,Default,simple,"2,3,32,33",911,0,"Natural 1/4""X12"" Wood Dowel",,,,,,natural-1-4-x12-wood-dowel,natural-1-4-x12-wood-dowel.html,,No layout updates,Product Info Column,,,, ,Use config,Use config,No,399,,1,,Enabled,No,"Catalog, Search",None,"Natural 1/4""X12"" Wood Dowel","Natural 1/4""X12"" Wood Dowel",,,,,,,,,10,0,1,0,0,1,1,1,0,1,1,,,1,0,1,0,1,0,1,0,0,0,1,"Natural 1/4""X12"" Wood Dowel",0,simple,,
admin,base,Default,simple,"2,3,32,33",912,0,Face Paint Stackable Crayons,,,,,,natural-1-4-x12-wood-dowel,natural-1-4-x12-wood-dowel.html,,No layout updates,Product Info Column,,,, ,Use config,Use config,No,349,,1,,Enabled,No,"Catalog, Search",None,Face Paint Stackable Crayons,Face Paint Stackable Crayons,,,,,,,,,10,0,1,0,0,1,1,1,0,1,1,,,1,0,1,0,1,0,1,0,0,0,1,Face Paint Stackable Crayons,0,simple,,
admin,base,Default,simple,"2,3,32,33",913,0,Quilling Paper 1/8,,,,,,natural-1-4-x12-wood-dowel,natural-1-4-x12-wood-dowel.html,,No layout updates,Product Info Column,,,, ,Use config,Use config,No,349,,1,,Enabled,No,"Catalog, Search",None,Quilling Paper 1/8,Quilling Paper 1/8,,,,,,,,,10,0,1,0,0,1,1,1,0,1,1,,,1,0,1,0,1,0,1,0,0,0,1,Quilling Paper 1/8,0,simple,,
admin,base,Default,simple,"2,3,32,33",914,0,Pony Bead Lacing Connectors,,,,,,natural-1-4-x12-wood-dowel,natural-1-4-x12-wood-dowel.html,,No layout updates,Product Info Column,,,, ,Use config,Use config,No,349,,1,,Enabled,No,"Catalog, Search",None,Pony Bead Lacing Connectors,Pony Bead Lacing Connectors,,,,,,,,,10,0,1,0,0,1,1,1,0,1,1,,,1,0,1,0,1,0,1,0,0,0,1,Pony Bead Lacing Connectors,0,simple,,
admin,base,Default,simple,"2,3,32,33",915,0,Natural Clothespins,,,,,,natural-1-4-x12-wood-dowel,natural-1-4-x12-wood-dowel.html,,No layout updates,Product Info Column,,,, ,Use config,Use config,No,349,,1,,Enabled,No,"Catalog, Search",None,Natural Clothespins,Natural Clothespins,,,,,,,,,10,0,1,0,0,1,1,1,0,1,1,,,1,0,1,0,1,0,1,0,0,0,1,Natural Clothespins,0,simple,,
admin,base,Default,simple,"2,3,32,33",916,0,Colored Clothespins,,,,,,natural-1-4-x12-wood-dowel,natural-1-4-x12-wood-dowel.html,,No layout updates,Product Info Column,,,, ,Use config,Use config,No,399,,1,,Enabled,No,"Catalog, Search",None,Colored Clothespins,Colored Clothespins,,,,,,,,,10,0,1,0,0,1,1,1,0,1,1,,,1,0,1,0,1,0,1,0,0,0,1,Colored Clothespins,0,simple,,
admin,base,Default,simple,"2,3,32,33",917,0,Natural Mini Clothespins,,,,,,natural-1-4-x12-wood-dowel,natural-1-4-x12-wood-dowel.html,,No layout updates,Product Info Column,,,, ,Use config,Use config,No,399,,1,,Enabled,No,"Catalog, Search",None,Natural Mini Clothespins,Natural Mini Clothespins,,,,,,,,,10,0,1,0,0,1,1,1,0,1,1,,,1,0,1,0,1,0,1,0,0,0,1,Natural Mini Clothespins,0,simple,,
admin,base,Default,simple,"2,3,32,34",921,0,Mouth Wash Wintergreen,,,,,,mouth-wash-wintergreen,mouth-wash-wintergreen.html,,No layout updates,Product Info Column,,,, ,Use config,Use config,No,17,,1,,Enabled,No,"Catalog, Search",None,Mouth Wash Wintergreen,Mouth Wash Wintergreen,,,,,,,,,10,0,1,0,0,1,1,1,0,1,1,,,1,0,1,0,1,0,1,0,0,0,1,Mouth Wash Wintergreen,0,simple,,
admin,base,Default,simple,"2,3,32,34",922,0,Mouth Wash Ice Cool,,,,,,mouth-wash-wintergreen,mouth-wash-wintergreen.html,,No layout updates,Product Info Column,,,, ,Use config,Use config,No,17,,1,,Enabled,No,"Catalog, Search",None,Mouth Wash Ice Cool,Mouth Wash Ice Cool,,,,,,,,,10,0,1,0,0,1,1,1,0,1,1,,,1,0,1,0,1,0,1,0,0,0,1,Mouth Wash Ice Cool,0,simple,,
admin,base,Default,simple,"2,3,32,34",923,0,Four Sided Nail Buffer,,,,,,mouth-wash-wintergreen,mouth-wash-wintergreen.html,,No layout updates,Product Info Column,,,, ,Use config,Use config,No,20,,1,,Enabled,No,"Catalog, Search",None,Four Sided Nail Buffer,Four Sided Nail Buffer,,,,,,,,,10,0,1,0,0,1,1,1,0,1,1,,,1,0,1,0,1,0,1,0,0,0,1,Four Sided Nail Buffer,0,simple,,
admin,base,Default,simple,"2,3,32,34",924,0,Good Sense Amber Mouthwash,,,,,,mouth-wash-wintergreen,mouth-wash-wintergreen.html,,No layout updates,Product Info Column,,,, ,Use config,Use config,No,21,,1,,Enabled,No,"Catalog, Search",None,Good Sense Amber Mouthwash,Good Sense Amber Mouthwash,,,,,,,,,10,0,1,0,0,1,1,1,0,1,1,,,1,0,1,0,1,0,1,0,0,0,1,Good Sense Amber Mouthwash,0,simple,,
admin,base,Default,simple,"2,3,32,34",925,0,Good Sense Blue Mint Mouthwash,,,,,,mouth-wash-wintergreen,mouth-wash-wintergreen.html,,No layout updates,Product Info Column,,,, ,Use config,Use config,No,21,,1,,Enabled,No,"Catalog, Search",None,Good Sense Blue Mint Mouthwash,Good Sense Blue Mint Mouthwash,,,,,,,,,10,0,1,0,0,1,1,1,0,1,1,,,1,0,1,0,1,0,1,0,0,0,1,Good Sense Blue Mint Mouthwash,0,simple,,
admin,base,Default,simple,"2,3,32,34",926,0,Good Sense Peppermint Mouthwash,,,,,,mouth-wash-wintergreen,mouth-wash-wintergreen.html,,No layout updates,Product Info Column,,,, ,Use config,Use config,No,22,,1,,Enabled,No,"Catalog, Search",None,Good Sense Peppermint Mouthwash,Good Sense Peppermint Mouthwash,,,,,,,,,10,0,1,0,0,1,1,1,0,1,1,,,1,0,1,0,1,0,1,0,0,0,1,Good Sense Peppermint Mouthwash,0,simple,,
admin,base,Default,simple,"2,3,32,34",927,0,Good Sense Green Mouthwash,,,,,,mouth-wash-wintergreen,mouth-wash-wintergreen.html,,No layout updates,Product Info Column,,,, ,Use config,Use config,No,22,,1,,Enabled,No,"Catalog, Search",None,Good Sense Green Mouthwash,Good Sense Green Mouthwash,,,,,,,,,10,0,1,0,0,1,1,1,0,1,1,,,1,0,1,0,1,0,1,0,0,0,1,Good Sense Green Mouthwash,0,simple,,
admin,base,Default,simple,"2,3,32,35",931,0,Home Select Duster Kit 3Pc,,,,,,home-select-duster-kit-3pc,home-select-duster-kit-3pc.html,,No layout updates,Product Info Column,,,, ,Use config,Use config,No,9,,1,,Enabled,No,"Catalog, Search",None,Home Select Duster Kit 3Pc,Home Select Duster Kit 3Pc,,,,,,,,,10,0,1,0,0,1,1,1,0,1,1,,,1,0,1,0,1,0,1,0,0,0,1,Home Select Duster Kit 3Pc,0,simple,,
admin,base,Default,simple,"2,3,32,35",932,0,Scrubber Sponge 4Pk Multi-Colr,,,,,,home-select-duster-kit-3pc,home-select-duster-kit-3pc.html,,No layout updates,Product Info Column,,,, ,Use config,Use config,No,11,,1,,Enabled,No,"Catalog, Search",None,Scrubber Sponge 4Pk Multi-Colr,Scrubber Sponge 4Pk Multi-Colr,,,,,,,,,10,0,1,0,0,1,1,1,0,1,1,,,1,0,1,0,1,0,1,0,0,0,1,Scrubber Sponge 4Pk Multi-Colr,0,simple,,
admin,base,Default,simple,"2,3,32,35",933,0,Window Squeegee,,,,,,home-select-duster-kit-3pc,home-select-duster-kit-3pc.html,,No layout updates,Product Info Column,,,, ,Use config,Use config,No,11,,1,,Enabled,No,"Catalog, Search",None,Window Squeegee,Window Squeegee,,,,,,,,,10,0,1,0,0,1,1,1,0,1,1,,,1,0,1,0,1,0,1,0,0,0,1,Window Squeegee,0,simple,,
admin,base,Default,simple,"2,3,32,35",934,0,90Deg Dbl-Sweep 3-Way T Pvc,,,,,,home-select-duster-kit-3pc,home-select-duster-kit-3pc.html,,No layout updates,Product Info Column,,,, ,Use config,Use config,No,12,,1,,Enabled,No,"Catalog, Search",None,90Deg Dbl-Sweep 3-Way T Pvc,90Deg Dbl-Sweep 3-Way T Pvc,,,,,,,,,10,0,1,0,0,1,1,1,0,1,1,,,1,0,1,0,1,0,1,0,0,0,1,90Deg Dbl-Sweep 3-Way T Pvc,0,simple,,
admin,base,Default,simple,"2,3,32,35",935,0,Scotch-Brite Scour Pad,,,,,,home-select-duster-kit-3pc,home-select-duster-kit-3pc.html,,No layout updates,Product Info Column,,,, ,Use config,Use config,No,12,,1,,Enabled,No,"Catalog, Search",None,Scotch-Brite Scour Pad,Scotch-Brite Scour Pad,,,,,,,,,10,0,1,0,0,1,1,1,0,1,1,,,1,0,1,0,1,0,1,0,0,0,1,Scotch-Brite Scour Pad,0,simple,,
admin,base,Default,simple,"2,3,32,35",936,0,Scrubbing Sponges,,,,,,home-select-duster-kit-3pc,home-select-duster-kit-3pc.html,,No layout updates,Product Info Column,,,, ,Use config,Use config,No,14,,1,,Enabled,No,"Catalog, Search",None,Scrubbing Sponges,Scrubbing Sponges,,,,,,,,,10,0,1,0,0,1,1,1,0,1,1,,,1,0,1,0,1,0,1,0,0,0,1,Scrubbing Sponges,0,simple,,
admin,base,Default,simple,"2,3,32,35",937,0,Spray Bottle,,,,,,home-select-duster-kit-3pc,home-select-duster-kit-3pc.html,,No layout updates,Product Info Column,,,, ,Use config,Use config,No,14,,1,,Enabled,No,"Catalog, Search",None,Spray Bottle,Spray Bottle,,,,,,,,,10,0,1,0,0,1,1,1,0,1,1,,,1,0,1,0,1,0,1,0,0,0,1,Spray Bottle,0,simple,,
admin,base,Default,simple,"2,3,32,36",941,0,Light Purple Fleur-De-Lis Rhinestone Headwrap,,,,,,light-purple-fleur-de-lis-rhinestone-headwrap,light-purple-fleur-de-lis-rhinestone-headwrap.html,,No layout updates,Product Info Column,,,, ,Use config,Use config,No,14,,1,,Enabled,No,"Catalog, Search",None,Light Purple Fleur-De-Lis Rhinestone Headwrap,Light Purple Fleur-De-Lis Rhinestone Headwrap,,,,,,,,,10,0,1,0,0,1,1,1,0,1,1,,,1,0,1,0,1,0,1,0,0,0,1,Light Purple Fleur-De-Lis Rhinestone Headwrap,0,simple,,
admin,base,Default,simple,"2,3,32,36",942,0,Leather Perforated Skull Cap wChrome Studs,,,,,,light-purple-fleur-de-lis-rhinestone-headwrap,light-purple-fleur-de-lis-rhinestone-headwrap.html,,No layout updates,Product Info Column,,,, ,Use config,Use config,No,14,,1,,Enabled,No,"Catalog, Search",None,Leather Perforated Skull Cap wChrome Studs,Leather Perforated Skull Cap wChrome Studs,,,,,,,,,10,0,1,0,0,1,1,1,0,1,1,,,1,0,1,0,1,0,1,0,0,0,1,Leather Perforated Skull Cap wChrome Studs,0,simple,,
admin,base,Default,simple,"2,3,32,36",943,0,Have-A-Hank Paisley Bandannas Red,,,,,,light-purple-fleur-de-lis-rhinestone-headwrap,light-purple-fleur-de-lis-rhinestone-headwrap.html,,No layout updates,Product Info Column,,,, ,Use config,Use config,No,3,,1,,Enabled,No,"Catalog, Search",None,Have-A-Hank Paisley Bandannas Red,Have-A-Hank Paisley Bandannas Red,,,,,,,,,10,0,1,0,0,1,1,1,0,1,1,,,1,0,1,0,1,0,1,0,0,0,1,Have-A-Hank Paisley Bandannas Red,0,simple,,
admin,base,Default,simple,"2,3,32,36",944,0,Have-A-Hank Paisley Bandannas White,,,,,,light-purple-fleur-de-lis-rhinestone-headwrap,light-purple-fleur-de-lis-rhinestone-headwrap.html,,No layout updates,Product Info Column,,,, ,Use config,Use config,No,3,,1,,Enabled,No,"Catalog, Search",None,Have-A-Hank Paisley Bandannas White,Have-A-Hank Paisley Bandannas White,,,,,,,,,10,0,1,0,0,1,1,1,0,1,1,,,1,0,1,0,1,0,1,0,0,0,1,Have-A-Hank Paisley Bandannas White,0,simple,,
admin,base,Default,simple,"2,3,32,36",945,0,Have-A-Hank Paisley Bandannas Orange,,,,,,light-purple-fleur-de-lis-rhinestone-headwrap,light-purple-fleur-de-lis-rhinestone-headwrap.html,,No layout updates,Product Info Column,,,, ,Use config,Use config,No,3,,1,,Enabled,No,"Catalog, Search",None,Have-A-Hank Paisley Bandannas Orange,Have-A-Hank Paisley Bandannas Orange,,,,,,,,,10,0,1,0,0,1,1,1,0,1,1,,,1,0,1,0,1,0,1,0,0,0,1,Have-A-Hank Paisley Bandannas Orange,0,simple,,
admin,base,Default,simple,"2,3,32,36",946,0,Have-A-Hank Paisley Bandannas Green,,,,,,light-purple-fleur-de-lis-rhinestone-headwrap,light-purple-fleur-de-lis-rhinestone-headwrap.html,,No layout updates,Product Info Column,,,, ,Use config,Use config,No,3,,1,,Enabled,No,"Catalog, Search",None,Have-A-Hank Paisley Bandannas Green,Have-A-Hank Paisley Bandannas Green,,,,,,,,,10,0,1,0,0,1,1,1,0,1,1,,,1,0,1,0,1,0,1,0,0,0,1,Have-A-Hank Paisley Bandannas Green,0,simple,,
admin,base,Default,simple,"2,3,32,36",947,0,Have-A-Hank Paisley Bandannas Lavander,,,,,,light-purple-fleur-de-lis-rhinestone-headwrap,light-purple-fleur-de-lis-rhinestone-headwrap.html,,No layout updates,Product Info Column,,,, ,Use config,Use config,No,3,,1,,Enabled,No,"Catalog, Search",None,Have-A-Hank Paisley Bandannas Lavander,Have-A-Hank Paisley Bandannas Lavander,,,,,,,,,10,0,1,0,0,1,1,1,0,1,1,,,1,0,1,0,1,0,1,0,0,0,1,Have-A-Hank Paisley Bandannas Lavander,0,simple,,
admin,base,Default,simple,"2,3,32,37",951,0,40Ct Anti-Static Pop Up,,,,,,40ct-anti-static-pop-up,40ct-anti-static-pop-up.html,,No layout updates,Product Info Column,,,, ,Use config,Use config,No,10,,1,,Enabled,No,"Catalog, Search",None,40Ct Anti-Static Pop Up,40Ct Anti-Static Pop Up,,,,,,,,,10,0,1,0,0,1,1,1,0,1,1,,,1,0,1,0,1,0,1,0,0,0,1,40Ct Anti-Static Pop Up,0,simple,,
admin,base,Default,simple,"2,3,32,37",952,0,Cat5 Keystone Jack /Black,,,,,,40ct-anti-static-pop-up,40ct-anti-static-pop-up.html,,No layout updates,Product Info Column,,,, ,Use config,Use config,No,10,,1,,Enabled,No,"Catalog, Search",None,Cat5 Keystone Jack /Black,Cat5 Keystone Jack /Black,,,,,,,,,10,0,1,0,0,1,1,1,0,1,1,,,1,0,1,0,1,0,1,0,0,0,1,Cat5 Keystone Jack /Black,0,simple,,
admin,base,Default,simple,"2,3,32,37",953,0,5' Cat5 Utp Patch Cord,,,,,,40ct-anti-static-pop-up,40ct-anti-static-pop-up.html,,No layout updates,Product Info Column,,,, ,Use config,Use config,No,10,,1,,Enabled,No,"Catalog, Search",None,5' Cat5 Utp Patch Cord,5' Cat5 Utp Patch Cord,,,,,,,,,10,0,1,0,0,1,1,1,0,1,1,,,1,0,1,0,1,0,1,0,0,0,1,5' Cat5 Utp Patch Cord,0,simple,,
admin,base,Default,simple,"2,3,32,37",954,0,7' Cat5E Utp Patch Cord,,,,,,40ct-anti-static-pop-up,40ct-anti-static-pop-up.html,,No layout updates,Product Info Column,,,, ,Use config,Use config,No,10,,1,,Enabled,No,"Catalog, Search",None,7' Cat5E Utp Patch Cord,7' Cat5E Utp Patch Cord,,,,,,,,,10,0,1,0,0,1,1,1,0,1,1,,,1,0,1,0,1,0,1,0,0,0,1,7' Cat5E Utp Patch Cord,0,simple,,
admin,base,Default,simple,"2,3,32,37",955,0,Cable Stereo Vcr Dub 3',,,,,,40ct-anti-static-pop-up,40ct-anti-static-pop-up.html,,No layout updates,Product Info Column,,,, ,Use config,Use config,No,10,,1,,Enabled,No,"Catalog, Search",None,Cable Stereo Vcr Dub 3',Cable Stereo Vcr Dub 3',,,,,,,,,10,0,1,0,0,1,1,1,0,1,1,,,1,0,1,0,1,0,1,0,0,0,1,Cable Stereo Vcr Dub 3',0,simple,,
admin,base,Default,simple,"2,3,32,37",956,0,Lt Almond Blank Nylon,,,,,,40ct-anti-static-pop-up,40ct-anti-static-pop-up.html,,No layout updates,Product Info Column,,,, ,Use config,Use config,No,10,,1,,Enabled,No,"Catalog, Search",None,Lt Almond Blank Nylon,Lt Almond Blank Nylon,,,,,,,,,10,0,1,0,0,1,1,1,0,1,1,,,1,0,1,0,1,0,1,0,0,0,1,Lt Almond Blank Nylon,0,simple,,
admin,base,Default,simple,"2,3,32,37",957,0,Ivory Blank Nylon Wallplt,,,,,,40ct-anti-static-pop-up,40ct-anti-static-pop-up.html,,No layout updates,Product Info Column,,,, ,Use config,Use config,No,10,,1,,Enabled,No,"Catalog, Search",None,Ivory Blank Nylon Wallplt,Ivory Blank Nylon Wallplt,,,,,,,,,10,0,1,0,0,1,1,1,0,1,1,,,1,0,1,0,1,0,1,0,0,0,1,Ivory Blank Nylon Wallplt,0,simple,,
admin,base,Default,simple,"2,3,32,38",961,0,Adult's Finger-less Magic Gloves,,,,,,adult-s-finger-less-magic-gloves,adult-s-finger-less-magic-gloves.html,,No layout updates,Product Info Column,,,, ,Use config,Use config,No,83,,1,,Enabled,No,"Catalog, Search",None,Adult's Finger-less Magic Gloves,Adult's Finger-less Magic Gloves,,,,,,,,,10,0,1,0,0,1,1,1,0,1,1,,,1,0,1,0,1,0,1,0,0,0,1,Adult's Finger-less Magic Gloves,0,simple,,
admin,base,Default,simple,"2,3,32,38",962,0,"Pine Rectangle Serving Tray-15""X11""X2-7/8""",,,,,,adult-s-finger-less-magic-gloves,adult-s-finger-less-magic-gloves.html,,No layout updates,Product Info Column,,,, ,Use config,Use config,No,19,,1,,Enabled,No,"Catalog, Search",None,"Pine Rectangle Serving Tray-15""X11""X2-7/8""","Pine Rectangle Serving Tray-15""X11""X2-7/8""",,,,,,,,,10,0,1,0,0,1,1,1,0,1,1,,,1,0,1,0,1,0,1,0,0,0,1,"Pine Rectangle Serving Tray-15""X11""X2-7/8""",0,simple,,
admin,base,Default,simple,"2,3,32,38",963,0,Maxum Gel Metallic Ink Pens 8/Pkg-Intense Colors,,,,,,adult-s-finger-less-magic-gloves,adult-s-finger-less-magic-gloves.html,,No layout updates,Product Info Column,,,, ,Use config,Use config,No,12,,1,,Enabled,No,"Catalog, Search",None,Maxum Gel Metallic Ink Pens 8/Pkg-Intense Colors,Maxum Gel Metallic Ink Pens 8/Pkg-Intense Colors,,,,,,,,,10,0,1,0,0,1,1,1,0,1,1,,,1,0,1,0,1,0,1,0,0,0,1,Maxum Gel Metallic Ink Pens 8/Pkg-Intense Colors,0,simple,,
admin,base,Default,simple,"2,3,32,38",964,0,Magnetic 12mm Buttons On Mirror,,,,,,adult-s-finger-less-magic-gloves,adult-s-finger-less-magic-gloves.html,,No layout updates,Product Info Column,,,, ,Use config,Use config,No,3,,1,,Enabled,No,"Catalog, Search",None,Magnetic 12mm Buttons On Mirror,Magnetic 12mm Buttons On Mirror,,,,,,,,,10,0,1,0,0,1,1,1,0,1,1,,,1,0,1,0,1,0,1,0,0,0,1,Magnetic 12mm Buttons On Mirror,0,simple,,
admin,base,Default,simple,"2,3,32,38",965,0,Glitter .75 Ounce-Lime,,,,,,adult-s-finger-less-magic-gloves,adult-s-finger-less-magic-gloves.html,,No layout updates,Product Info Column,,,, ,Use config,Use config,No,3,,1,,Enabled,No,"Catalog, Search",None,Glitter .75 Ounce-Lime,Glitter .75 Ounce-Lime,,,,,,,,,10,0,1,0,0,1,1,1,0,1,1,,,1,0,1,0,1,0,1,0,0,0,1,Glitter .75 Ounce-Lime,0,simple,,
admin,base,Default,simple,"2,3,32,38",966,0,Glitter .6 Ounces-Crystal,,,,,,adult-s-finger-less-magic-gloves,adult-s-finger-less-magic-gloves.html,,No layout updates,Product Info Column,,,, ,Use config,Use config,No,3,,1,,Enabled,No,"Catalog, Search",None,Glitter .6 Ounces-Crystal,Glitter .6 Ounces-Crystal,,,,,,,,,10,0,1,0,0,1,1,1,0,1,1,,,1,0,1,0,1,0,1,0,0,0,1,Glitter .6 Ounces-Crystal,0,simple,,
admin,base,Default,simple,"2,3,32,38",967,0,Le Pen Permanent Fine Point,,,,,,adult-s-finger-less-magic-gloves,adult-s-finger-less-magic-gloves.html,,No layout updates,Product Info Column,,,, ,Use config,Use config,No,3,,1,,Enabled,No,"Catalog, Search",None,Le Pen Permanent Fine Point,Le Pen Permanent Fine Point,,,,,,,,,10,0,1,0,0,1,1,1,0,1,1,,,1,0,1,0,1,0,1,0,0,0,1,Le Pen Permanent Fine Point,0,simple,,
admin,base,Default,simple,"2,3,32,39",971,0,Nestle Hot Cocoa Marsh 6Pk,,,,,,nestle-hot-cocoa-marsh-6pk,nestle-hot-cocoa-marsh-6pk.html,,No layout updates,Product Info Column,,,, ,Use config,Use config,No,22,,1,,Enabled,No,"Catalog, Search",None,Nestle Hot Cocoa Marsh 6Pk,Nestle Hot Cocoa Marsh 6Pk,,,,,,,,,10,0,1,0,0,1,1,1,0,1,1,,,1,0,1,0,1,0,1,0,0,0,1,Nestle Hot Cocoa Marsh 6Pk,0,simple,,
admin,base,Default,simple,"2,3,32,39",972,0,Coffee Tea & Hot Cocoa,,,,,,nestle-hot-cocoa-marsh-6pk,nestle-hot-cocoa-marsh-6pk.html,,No layout updates,Product Info Column,,,, ,Use config,Use config,No,22,,1,,Enabled,No,"Catalog, Search",None,Coffee Tea & Hot Cocoa,Coffee Tea & Hot Cocoa,,,,,,,,,10,0,1,0,0,1,1,1,0,1,1,,,1,0,1,0,1,0,1,0,0,0,1,Coffee Tea & Hot Cocoa,0,simple,,
admin,base,Default,simple,"2,3,32,39",973,0,Coffee Tea & Hot Cocoa,,,,,,nestle-hot-cocoa-marsh-6pk,nestle-hot-cocoa-marsh-6pk.html,,No layout updates,Product Info Column,,,, ,Use config,Use config,No,22,,1,,Enabled,No,"Catalog, Search",None,Coffee Tea & Hot Cocoa,Coffee Tea & Hot Cocoa,,,,,,,,,10,0,1,0,0,1,1,1,0,1,1,,,1,0,1,0,1,0,1,0,0,0,1,Coffee Tea & Hot Cocoa,0,simple,,
admin,base,Default,simple,"2,3,32,39",974,0,Food Pantry,,,,,,nestle-hot-cocoa-marsh-6pk,nestle-hot-cocoa-marsh-6pk.html,,No layout updates,Product Info Column,,,, ,Use config,Use config,No,30,,1,,Enabled,No,"Catalog, Search",None,Food Pantry,Food Pantry,,,,,,,,,10,0,1,0,0,1,1,1,0,1,1,,,1,0,1,0,1,0,1,0,0,0,1,Food Pantry,0,simple,,
admin,base,Default,simple,"2,3,32,39",975,0,Bigelow Premium Green Tea,,,,,,nestle-hot-cocoa-marsh-6pk,nestle-hot-cocoa-marsh-6pk.html,,No layout updates,Product Info Column,,,, ,Use config,Use config,No,34,,1,,Enabled,No,"Catalog, Search",None,Bigelow Premium Green Tea,Bigelow Premium Green Tea,,,,,,,,,10,0,1,0,0,1,1,1,0,1,1,,,1,0,1,0,1,0,1,0,0,0,1,Bigelow Premium Green Tea,0,simple,,
admin,base,Default,simple,"2,3,32,39",976,0,Coffee Tea & Hot Cocoa,,,,,,nestle-hot-cocoa-marsh-6pk,nestle-hot-cocoa-marsh-6pk.html,,No layout updates,Product Info Column,,,, ,Use config,Use config,No,34,,1,,Enabled,No,"Catalog, Search",None,Coffee Tea & Hot Cocoa,Coffee Tea & Hot Cocoa,,,,,,,,,10,0,1,0,0,1,1,1,0,1,1,,,1,0,1,0,1,0,1,0,0,0,1,Coffee Tea & Hot Cocoa,0,simple,,
admin,base,Default,simple,"2,3,32,39",977,0,Coffee Tea & Hot Cocoa,,,,,,nestle-hot-cocoa-marsh-6pk,nestle-hot-cocoa-marsh-6pk.html,,No layout updates,Product Info Column,,,, ,Use config,Use config,No,34,,1,,Enabled,No,"Catalog, Search",None,Coffee Tea & Hot Cocoa,Coffee Tea & Hot Cocoa,,,,,,,,,10,0,1,0,0,1,1,1,0,1,1,,,1,0,1,0,1,0,1,0,0,0,1,Coffee Tea & Hot Cocoa,0,simple,,
admin,base,Default,simple,"2,3,32,40",981,0,Usb Flex Light,,,,,,usb-flex-light,usb-flex-light.html,,No layout updates,Product Info Column,,,, ,Use config,Use config,No,13,,1,,Enabled,No,"Catalog, Search",None,Usb Flex Light,Usb Flex Light,,,,,,,,,10,0,1,0,0,1,1,1,0,1,1,,,1,0,1,0,1,0,1,0,0,0,1,Usb Flex Light,0,simple,,
admin,base,Default,simple,"2,3,32,40",982,0,5In X 90 Aluminum Elbow,,,,,,usb-flex-light,usb-flex-light.html,,No layout updates,Product Info Column,,,, ,Use config,Use config,No,13,,1,,Enabled,No,"Catalog, Search",None,5In X 90 Aluminum Elbow,5In X 90 Aluminum Elbow,,,,,,,,,10,0,1,0,0,1,1,1,0,1,1,,,1,0,1,0,1,0,1,0,0,0,1,5In X 90 Aluminum Elbow,0,simple,,
admin,base,Default,simple,"2,3,32,40",983,0,Tie 8 Clear,,,,,,usb-flex-light,usb-flex-light.html,,No layout updates,Product Info Column,,,, ,Use config,Use config,No,13,,1,,Enabled,No,"Catalog, Search",None,Tie 8 Clear,Tie 8 Clear,,,,,,,,,10,0,1,0,0,1,1,1,0,1,1,,,1,0,1,0,1,0,1,0,0,0,1,Tie 8 Clear,0,simple,,
admin,base,Default,simple,"2,3,32,40",984,0,Tie 8 Clear,,,,,,usb-flex-light,usb-flex-light.html,,No layout updates,Product Info Column,,,, ,Use config,Use config,No,13,,1,,Enabled,No,"Catalog, Search",None,Tie 8 Clear,Tie 8 Clear,,,,,,,,,10,0,1,0,0,1,1,1,0,1,1,,,1,0,1,0,1,0,1,0,0,0,1,Tie 8 Clear,0,simple,,
admin,base,Default,simple,"2,3,32,40",985,0,5' Lead-Free Ice Conn,,,,,,usb-flex-light,usb-flex-light.html,,No layout updates,Product Info Column,,,, ,Use config,Use config,No,13,,1,,Enabled,No,"Catalog, Search",None,5' Lead-Free Ice Conn,5' Lead-Free Ice Conn,,,,,,,,,10,0,1,0,0,1,1,1,0,1,1,,,1,0,1,0,1,0,1,0,0,0,1,5' Lead-Free Ice Conn,0,simple,,
admin,base,Default,simple,"2,3,32,40",986,0,8' Fill Hose,,,,,,usb-flex-light,usb-flex-light.html,,No layout updates,Product Info Column,,,, ,Use config,Use config,No,13,,1,,Enabled,No,"Catalog, Search",None,8' Fill Hose,8' Fill Hose,,,,,,,,,10,0,1,0,0,1,1,1,0,1,1,,,1,0,1,0,1,0,1,0,0,0,1,8' Fill Hose,0,simple,,
admin,base,Default,simple,"2,3,32,40",987,0,Padlock W/Key 1.25 In Shank,,,,,,usb-flex-light,usb-flex-light.html,,No layout updates,Product Info Column,,,, ,Use config,Use config,No,13,,1,,Enabled,No,"Catalog, Search",None,Padlock W/Key 1.25 In Shank,Padlock W/Key 1.25 In Shank,,,,,,,,,10,0,1,0,0,1,1,1,0,1,1,,,1,0,1,0,1,0,1,0,0,0,1,Padlock W/Key 1.25 In Shank,0,simple,,
admin,base,Default,simple,"2,3,32,41",992,0,Carmex for-Cold-Sores,,,,,,lip-care,lip-care.html,,No layout updates,Product Info Column,,,, ,Use config,Use config,No,63,,1,,Enabled,No,"Catalog, Search",None,Carmex for-Cold-Sores,Carmex for-Cold-Sores,,,,,,,,,10,0,1,0,0,1,1,1,0,1,1,,,1,0,1,0,1,0,1,0,0,0,1,Carmex for-Cold-Sores,0,simple,,
admin,base,Default,simple,"2,3,32,41",883,0,Blistex Lip Medex In Jar,,,,,,lip-care,lip-care.html,,No layout updates,Product Info Column,,,, ,Use config,Use config,No,17,,1,,Enabled,No,"Catalog, Search",None,Blistex Lip Medex In Jar,Blistex Lip Medex In Jar,,,,,,,,,10,0,1,0,0,1,1,1,0,1,1,,,1,0,1,0,1,0,1,0,0,0,1,Blistex Lip Medex In Jar,0,simple,,
admin,base,Default,simple,"2,3,32,41",994,0,Urinary Tract Test Strips,,,,,,lip-care,lip-care.html,,No layout updates,Product Info Column,,,, ,Use config,Use config,No,8,,1,,Enabled,No,"Catalog, Search",None,Urinary Tract Test Strips,Urinary Tract Test Strips,,,,,,,,,10,0,1,0,0,1,1,1,0,1,1,,,1,0,1,0,1,0,1,0,0,0,1,Urinary Tract Test Strips,0,simple,,
admin,base,Default,simple,"2,3,32,41",995,0,Visine Otg Advance Relief,,,,,,lip-care,lip-care.html,,No layout updates,Product Info Column,,,, ,Use config,Use config,No,24,,1,,Enabled,No,"Catalog, Search",None,Visine Otg Advance Relief,Visine Otg Advance Relief,,,,,,,,,10,0,1,0,0,1,1,1,0,1,1,,,1,0,1,0,1,0,1,0,0,0,1,Visine Otg Advance Relief,0,simple,,
admin,base,Default,simple,"2,3,32,41",996,0,Instant Hot Packs,,,,,,lip-care,lip-care.html,,No layout updates,Product Info Column,,,, ,Use config,Use config,No,28,,1,,Enabled,No,"Catalog, Search",None,Instant Hot Packs,Instant Hot Packs,,,,,,,,,10,0,1,0,0,1,1,1,0,1,1,,,1,0,1,0,1,0,1,0,0,0,1,Instant Hot Packs,0,simple,,
admin,base,Default,simple,"2,3,32,41",997,0,Gauze Bandages,,,,,,lip-care,lip-care.html,,No layout updates,Product Info Column,,,, ,Use config,Use config,No,28,,1,,Enabled,No,"Catalog, Search",None,Gauze Bandages,Gauze Bandages,,,,,,,,,10,0,1,0,0,1,1,1,0,1,1,,,1,0,1,0,1,0,1,0,0,0,1,Gauze Bandages,0,simple,,
admin,base,Default,simple,"2,3,32,41",991,0,Lip Care,,,,,,lip-care,lip-care.html,,No layout updates,Product Info Column,,,, ,Use config,Use config,No,71,,1,,Enabled,No,"Catalog, Search",None,Lip Care,Lip Care,,,,,,,,,10,0,1,0,0,1,1,1,0,1,1,,,1,0,1,0,1,0,1,0,0,0,1,Lip Care,0,simple,,
admin,base,Default,simple,"2,3,32,42",9101,0,Gas Burner Liner Round,,,,,,gas-burner-liner-round,gas-burner-liner-round.html,,No layout updates,Product Info Column,,,, ,Use config,Use config,No,16,,1,,Enabled,No,"Catalog, Search",None,Gas Burner Liner Round,Gas Burner Liner Round,,,,,,,,,10,0,1,0,0,1,1,1,0,1,1,,,1,0,1,0,1,0,1,0,0,0,1,Gas Burner Liner Round,0,simple,,
admin,base,Default,simple,"2,3,32,42",9102,0,Mini Nut & Party Cups-White,,,,,,gas-burner-liner-round,gas-burner-liner-round.html,,No layout updates,Product Info Column,,,, ,Use config,Use config,No,3,,1,,Enabled,No,"Catalog, Search",None,Mini Nut & Party Cups-White,Mini Nut & Party Cups-White,,,,,,,,,10,0,1,0,0,1,1,1,0,1,1,,,1,0,1,0,1,0,1,0,0,0,1,Mini Nut & Party Cups-White,0,simple,,
admin,base,Default,simple,"2,3,32,42",9103,0,Nut & Party Cups,,,,,,gas-burner-liner-round,gas-burner-liner-round.html,,No layout updates,Product Info Column,,,, ,Use config,Use config,No,3,,1,,Enabled,No,"Catalog, Search",None,Nut & Party Cups,Nut & Party Cups,,,,,,,,,10,0,1,0,0,1,1,1,0,1,1,,,1,0,1,0,1,0,1,0,0,0,1,Nut & Party Cups,0,simple,,
admin,base,Default,simple,"2,3,32,42",9104,0,Blade Granny Knife,,,,,,gas-burner-liner-round,gas-burner-liner-round.html,,No layout updates,Product Info Column,,,, ,Use config,Use config,No,8,,1,,Enabled,No,"Catalog, Search",None,Blade Granny Knife,Blade Granny Knife,,,,,,,,,10,0,1,0,0,1,1,1,0,1,1,,,1,0,1,0,1,0,1,0,0,0,1,Blade Granny Knife,0,simple,,
admin,base,Default,simple,"2,3,32,42",9105,0,Chili Pepper 4Pc Napkin Rings,,,,,,gas-burner-liner-round,gas-burner-liner-round.html,,No layout updates,Product Info Column,,,, ,Use config,Use config,No,8,,1,,Enabled,No,"Catalog, Search",None,Chili Pepper 4Pc Napkin Rings,Chili Pepper 4Pc Napkin Rings,,,,,,,,,10,0,1,0,0,1,1,1,0,1,1,,,1,0,1,0,1,0,1,0,0,0,1,Chili Pepper 4Pc Napkin Rings,0,simple,,
admin,base,Default,simple,"2,3,32,42",9106,0,Napkin Holder Clear Plastic,,,,,,gas-burner-liner-round,gas-burner-liner-round.html,,No layout updates,Product Info Column,,,, ,Use config,Use config,No,11,,1,,Enabled,No,"Catalog, Search",None,Napkin Holder Clear Plastic,Napkin Holder Clear Plastic,,,,,,,,,10,0,1,0,0,1,1,1,0,1,1,,,1,0,1,0,1,0,1,0,0,0,1,Napkin Holder Clear Plastic,0,simple,,
admin,base,Default,simple,"2,3,32,42",9107,0,Universal Receptacle,,,,,,gas-burner-liner-round,gas-burner-liner-round.html,,No layout updates,Product Info Column,,,, ,Use config,Use config,No,11,,1,,Enabled,No,"Catalog, Search",None,Universal Receptacle,Universal Receptacle,,,,,,,,,10,0,1,0,0,1,1,1,0,1,1,,,1,0,1,0,1,0,1,0,0,0,1,Universal Receptacle,0,simple,,
admin,base,Default,simple,"2,3,32,43",9111,0,Stars And Heart Seaglass,,,,,,stars-and-heart-seaglass,stars-and-heart-seaglass.html,,No layout updates,Product Info Column,,,, ,Use config,Use config,No,21,,1,,Enabled,No,"Catalog, Search",None,Stars And Heart Seaglass,Stars And Heart Seaglass,,,,,,,,,10,0,1,0,0,1,1,1,0,1,1,,,1,0,1,0,1,0,1,0,0,0,1,Stars And Heart Seaglass,0,simple,,
admin,base,Default,simple,"2,3,32,43",9112,0,River Stones,,,,,,stars-and-heart-seaglass,stars-and-heart-seaglass.html,,No layout updates,Product Info Column,,,, ,Use config,Use config,No,21,,1,,Enabled,No,"Catalog, Search",None,River Stones,River Stones,,,,,,,,,10,0,1,0,0,1,1,1,0,1,1,,,1,0,1,0,1,0,1,0,0,0,1,River Stones,0,simple,,
admin,base,Default,simple,"2,3,32,43",9113,0,Biodegradable Peat Pots,,,,,,stars-and-heart-seaglass,stars-and-heart-seaglass.html,,No layout updates,Product Info Column,,,, ,Use config,Use config,No,21,,1,,Enabled,No,"Catalog, Search",None,Biodegradable Peat Pots,Biodegradable Peat Pots,,,,,,,,,10,0,1,0,0,1,1,1,0,1,1,,,1,0,1,0,1,0,1,0,0,0,1,Biodegradable Peat Pots,0,simple,,
admin,base,Default,simple,"2,3,32,43",9114,0,Saucer 8 Super,,,,,,stars-and-heart-seaglass,stars-and-heart-seaglass.html,,No layout updates,Product Info Column,,,, ,Use config,Use config,No,33,,1,,Enabled,No,"Catalog, Search",None,Saucer 8 Super,Saucer 8 Super,,,,,,,,,10,0,1,0,0,1,1,1,0,1,1,,,1,0,1,0,1,0,1,0,0,0,1,Saucer 8 Super,0,simple,,
admin,base,Default,simple,"2,3,32,43",9115,0,Rectangular Clay-Look Plastic Pot,,,,,,stars-and-heart-seaglass,stars-and-heart-seaglass.html,,No layout updates,Product Info Column,,,, ,Use config,Use config,No,33,,1,,Enabled,No,"Catalog, Search",None,Rectangular Clay-Look Plastic Pot,Rectangular Clay-Look Plastic Pot,,,,,,,,,10,0,1,0,0,1,1,1,0,1,1,,,1,0,1,0,1,0,1,0,0,0,1,Rectangular Clay-Look Plastic Pot,0,simple,,
admin,base,Default,simple,"2,3,32,43",9116,0,Saucer 10 Classic Green,,,,,,stars-and-heart-seaglass,stars-and-heart-seaglass.html,,No layout updates,Product Info Column,,,, ,Use config,Use config,No,33,,1,,Enabled,No,"Catalog, Search",None,Saucer 10 Classic Green,Saucer 10 Classic Green,,,,,,,,,10,0,1,0,0,1,1,1,0,1,1,,,1,0,1,0,1,0,1,0,0,0,1,Saucer 10 Classic Green,0,simple,,
admin,base,Default,simple,"2,3,32,43",9117,0,Kettle 9 Antique Black,,,,,,stars-and-heart-seaglass,stars-and-heart-seaglass.html,,No layout updates,Product Info Column,,,, ,Use config,Use config,No,33,,1,,Enabled,No,"Catalog, Search",None,Kettle 9 Antique Black,Kettle 9 Antique Black,,,,,,,,,10,0,1,0,0,1,1,1,0,1,1,,,1,0,1,0,1,0,1,0,0,0,1,Kettle 9 Antique Black,0,simple,,
admin,base,Default,simple,"2,3,32,44",9121,0,S.E.I. Postbound Page Protectors,,,,,,s-e-i-postbound-page-protectors,s-e-i-postbound-page-protectors.html,,No layout updates,Product Info Column,,,, ,Use config,Use config,No,4,,1,,Enabled,No,"Catalog, Search",None,S.E.I. Postbound Page Protectors,S.E.I. Postbound Page Protectors,,,,,,,,,10,0,1,0,0,1,1,1,0,1,1,,,1,0,1,0,1,0,1,0,0,0,1,S.E.I. Postbound Page Protectors,0,simple,,
admin,base,Default,simple,"2,3,32,44",9122,0,Page Protectors Top Loading,,,,,,s-e-i-postbound-page-protectors,s-e-i-postbound-page-protectors.html,,No layout updates,Product Info Column,,,, ,Use config,Use config,No,5,,1,,Enabled,No,"Catalog, Search",None,Page Protectors Top Loading,Page Protectors Top Loading,,,,,,,,,10,0,1,0,0,1,1,1,0,1,1,,,1,0,1,0,1,0,1,0,0,0,1,Page Protectors Top Loading,0,simple,,
admin,base,Default,simple,"2,3,32,44",9123,0,S.E.I. Postbound Page Protectors,,,,,,s-e-i-postbound-page-protectors,s-e-i-postbound-page-protectors.html,,No layout updates,Product Info Column,,,, ,Use config,Use config,No,5,,1,,Enabled,No,"Catalog, Search",None,S.E.I. Postbound Page Protectors,S.E.I. Postbound Page Protectors,,,,,,,,,10,0,1,0,0,1,1,1,0,1,1,,,1,0,1,0,1,0,1,0,0,0,1,S.E.I. Postbound Page Protectors,0,simple,,
admin,base,Default,simple,"2,3,32,44",9124,0,Mini Painted Metal Paper Fasteners,,,,,,s-e-i-postbound-page-protectors,s-e-i-postbound-page-protectors.html,,No layout updates,Product Info Column,,,, ,Use config,Use config,No,5,,1,,Enabled,No,"Catalog, Search",None,Mini Painted Metal Paper Fasteners,Mini Painted Metal Paper Fasteners,,,,,,,,,10,0,1,0,0,1,1,1,0,1,1,,,1,0,1,0,1,0,1,0,0,0,1,Mini Painted Metal Paper Fasteners,0,simple,,
admin,base,Default,simple,"2,3,32,44",9125,0,Mini Painted Metal Paper Fasteners,,,,,,s-e-i-postbound-page-protectors,s-e-i-postbound-page-protectors.html,,No layout updates,Product Info Column,,,, ,Use config,Use config,No,5,,1,,Enabled,No,"Catalog, Search",None,Mini Painted Metal Paper Fasteners,Mini Painted Metal Paper Fasteners,,,,,,,,,10,0,1,0,0,1,1,1,0,1,1,,,1,0,1,0,1,0,1,0,0,0,1,Mini Painted Metal Paper Fasteners,0,simple,,
admin,base,Default,simple,"2,3,32,44",9126,0,Mini Painted Metal Paper Fasteners,,,,,,s-e-i-postbound-page-protectors,s-e-i-postbound-page-protectors.html,,No layout updates,Product Info Column,,,, ,Use config,Use config,No,5,,1,,Enabled,No,"Catalog, Search",None,Mini Painted Metal Paper Fasteners,Mini Painted Metal Paper Fasteners,,,,,,,,,10,0,1,0,0,1,1,1,0,1,1,,,1,0,1,0,1,0,1,0,0,0,1,Mini Painted Metal Paper Fasteners,0,simple,,
admin,base,Default,simple,"2,3,32,44",9127,0,Mini Painted Safety Pins,,,,,,s-e-i-postbound-page-protectors,s-e-i-postbound-page-protectors.html,,No layout updates,Product Info Column,,,, ,Use config,Use config,No,5,,1,,Enabled,No,"Catalog, Search",None,Mini Painted Safety Pins,Mini Painted Safety Pins,,,,,,,,,10,0,1,0,0,1,1,1,0,1,1,,,1,0,1,0,1,0,1,0,0,0,1,Mini Painted Safety Pins,0,simple,,
admin,base,Default,simple,"2,3,32,45",9131,0,Glitter .75 Ounce-Lime,,,,,,glitter-75-ounce-lime,glitter-75-ounce-lime.html,,No layout updates,Product Info Column,,,, ,Use config,Use config,No,3,,1,,Enabled,No,"Catalog, Search",None,Glitter .75 Ounce-Lime,Glitter .75 Ounce-Lime,,,,,,,,,10,0,1,0,0,1,1,1,0,1,1,,,1,0,1,0,1,0,1,0,0,0,1,Glitter .75 Ounce-Lime,0,simple,,
admin,base,Default,simple,"2,3,32,45",9132,0,Rusty Tin-Tiques Tin Cut-Outs-Moose,,,,,,glitter-75-ounce-lime,glitter-75-ounce-lime.html,,No layout updates,Product Info Column,,,, ,Use config,Use config,No,3,,1,,Enabled,No,"Catalog, Search",None,Rusty Tin-Tiques Tin Cut-Outs-Moose,Rusty Tin-Tiques Tin Cut-Outs-Moose,,,,,,,,,10,0,1,0,0,1,1,1,0,1,1,,,1,0,1,0,1,0,1,0,0,0,1,Rusty Tin-Tiques Tin Cut-Outs-Moose,0,simple,,
admin,base,Default,simple,"2,3,32,45",9133,0,Rusty Tin-Tiques Tin Cut-Outs-Bear,,,,,,glitter-75-ounce-lime,glitter-75-ounce-lime.html,,No layout updates,Product Info Column,,,, ,Use config,Use config,No,3,,1,,Enabled,No,"Catalog, Search",None,Rusty Tin-Tiques Tin Cut-Outs-Bear,Rusty Tin-Tiques Tin Cut-Outs-Bear,,,,,,,,,10,0,1,0,0,1,1,1,0,1,1,,,1,0,1,0,1,0,1,0,0,0,1,Rusty Tin-Tiques Tin Cut-Outs-Bear,0,simple,,
admin,base,Default,simple,"2,3,32,45",9134,0,Rusty Tin-Tiques Tin Cut-Outs-Folk Heart,,,,,,glitter-75-ounce-lime,glitter-75-ounce-lime.html,,No layout updates,Product Info Column,,,, ,Use config,Use config,No,3,,1,,Enabled,No,"Catalog, Search",None,Rusty Tin-Tiques Tin Cut-Outs-Folk Heart,Rusty Tin-Tiques Tin Cut-Outs-Folk Heart,,,,,,,,,10,0,1,0,0,1,1,1,0,1,1,,,1,0,1,0,1,0,1,0,0,0,1,Rusty Tin-Tiques Tin Cut-Outs-Folk Heart,0,simple,,
admin,base,Default,simple,"2,3,32,45",9135,0,Glitter Glue 4 Ounces-Red,,,,,,glitter-75-ounce-lime,glitter-75-ounce-lime.html,,No layout updates,Product Info Column,,,, ,Use config,Use config,No,3,,1,,Enabled,No,"Catalog, Search",None,Glitter Glue 4 Ounces-Red,Glitter Glue 4 Ounces-Red,,,,,,,,,10,0,1,0,0,1,1,1,0,1,1,,,1,0,1,0,1,0,1,0,0,0,1,Glitter Glue 4 Ounces-Red,0,simple,,
admin,base,Default,simple,"2,3,32,45",9136,0,Glitter Glue Pens .41 Ounce,,,,,,glitter-75-ounce-lime,glitter-75-ounce-lime.html,,No layout updates,Product Info Column,,,, ,Use config,Use config,No,3,,1,,Enabled,No,"Catalog, Search",None,Glitter Glue Pens .41 Ounce,Glitter Glue Pens .41 Ounce,,,,,,,,,10,0,1,0,0,1,1,1,0,1,1,,,1,0,1,0,1,0,1,0,0,0,1,Glitter Glue Pens .41 Ounce,0,simple,,
admin,base,Default,simple,"2,3,32,45",9137,0,Wedding Foiled Cardstock Stickers-Icons,,,,,,glitter-75-ounce-lime,glitter-75-ounce-lime.html,,No layout updates,Product Info Column,,,, ,Use config,Use config,No,3,,1,,Enabled,No,"Catalog, Search",None,Wedding Foiled Cardstock Stickers-Icons,Wedding Foiled Cardstock Stickers-Icons,,,,,,,,,10,0,1,0,0,1,1,1,0,1,1,,,1,0,1,0,1,0,1,0,0,0,1,Wedding Foiled Cardstock Stickers-Icons,0,simple,,
admin,base,Default,simple,"2,3,32,46",9141,0,Fishing Tackle Box,,,,,,fishing-tackle-box,fishing-tackle-box.html,,No layout updates,Product Info Column,,,, ,Use config,Use config,No,25,,1,,Enabled,No,"Catalog, Search",None,Fishing Tackle Box,Fishing Tackle Box,,,,,,,,,10,0,1,0,0,1,1,1,0,1,1,,,1,0,1,0,1,0,1,0,0,0,1,Fishing Tackle Box,0,simple,,
admin,base,Default,simple,"2,3,32,46",9142,0,All-Weather Blue/Gray Rain Jacke,,,,,,fishing-tackle-box,fishing-tackle-box.html,,No layout updates,Product Info Column,,,, ,Use config,Use config,No,10,,1,,Enabled,No,"Catalog, Search",None,All-Weather Blue/Gray Rain Jacke,All-Weather Blue/Gray Rain Jacke,,,,,,,,,10,0,1,0,0,1,1,1,0,1,1,,,1,0,1,0,1,0,1,0,0,0,1,All-Weather Blue/Gray Rain Jacke,0,simple,,
admin,base,Default,simple,"2,3,32,46",9143,0,"All-Weather 42"" Clear Dome Umbrella",,,,,,fishing-tackle-box,fishing-tackle-box.html,,No layout updates,Product Info Column,,,, ,Use config,Use config,No,10,,1,,Enabled,No,"Catalog, Search",None,"All-Weather 42"" Clear Dome Umbrella","All-Weather 42"" Clear Dome Umbrella",,,,,,,,,10,0,1,0,0,1,1,1,0,1,1,,,1,0,1,0,1,0,1,0,0,0,1,"All-Weather 42"" Clear Dome Umbrella",0,simple,,
admin,base,Default,simple,"2,3,32,46",9144,0,"All-Weather 48"" Auto-Open Umbrella",,,,,,fishing-tackle-box,fishing-tackle-box.html,,No layout updates,Product Info Column,,,, ,Use config,Use config,No,10,,1,,Enabled,No,"Catalog, Search",None,"All-Weather 48"" Auto-Open Umbrella","All-Weather 48"" Auto-Open Umbrella",,,,,,,,,10,0,1,0,0,1,1,1,0,1,1,,,1,0,1,0,1,0,1,0,0,0,1,"All-Weather 48"" Auto-Open Umbrella",0,simple,,
admin,base,Default,simple,"2,3,32,46",9145,0,"All-Weather 48"" Auto-Open Umbrella",,,,,,fishing-tackle-box,fishing-tackle-box.html,,No layout updates,Product Info Column,,,, ,Use config,Use config,No,10,,1,,Enabled,No,"Catalog, Search",None,"All-Weather 48"" Auto-Open Umbrella","All-Weather 48"" Auto-Open Umbrella",,,,,,,,,10,0,1,0,0,1,1,1,0,1,1,,,1,0,1,0,1,0,1,0,0,0,1,"All-Weather 48"" Auto-Open Umbrella",0,simple,,
admin,base,Default,simple,"2,3,32,46",9146,0,"All-Weather 48"" Polyester Auto-Open Umbrella",,,,,,fishing-tackle-box,fishing-tackle-box.html,,No layout updates,Product Info Column,,,, ,Use config,Use config,No,10,,1,,Enabled,No,"Catalog, Search",None,"All-Weather 48"" Polyester Auto-Open Umbrella","All-Weather 48"" Polyester Auto-Open Umbrella",,,,,,,,,10,0,1,0,0,1,1,1,0,1,1,,,1,0,1,0,1,0,1,0,0,0,1,"All-Weather 48"" Polyester Auto-Open Umbrella",0,simple,,
admin,base,Default,simple,"2,3,32,46",9147,0,"All-Weather 48"" Polyester Auto-Open Umbrella",,,,,,fishing-tackle-box,fishing-tackle-box.html,,No layout updates,Product Info Column,,,, ,Use config,Use config,No,10,,1,,Enabled,No,"Catalog, Search",None,"All-Weather 48"" Polyester Auto-Open Umbrella","All-Weather 48"" Polyester Auto-Open Umbrella",,,,,,,,,10,0,1,0,0,1,1,1,0,1,1,,,1,0,1,0,1,0,1,0,0,0,1,"All-Weather 48"" Polyester Auto-Open Umbrella",0,simple,,
admin,base,Default,simple,"2,3,32,47",9151,0,Combination Lock Ast,,,,,,combination-lock-ast,combination-lock-ast.html,,No layout updates,Product Info Column,,,, ,Use config,Use config,No,18,,1,,Enabled,No,"Catalog, Search",None,Combination Lock Ast,Combination Lock Ast,,,,,,,,,10,0,1,0,0,1,1,1,0,1,1,,,1,0,1,0,1,0,1,0,0,0,1,Combination Lock Ast,0,simple,,
admin,base,Default,simple,"2,3,32,47",9152,0,ESSELTE CORPORATION Twin Pocket,,,,,,combination-lock-ast,combination-lock-ast.html,,No layout updates,Product Info Column,,,, ,Use config,Use config,No,7,,1,,Enabled,No,"Catalog, Search",None,ESSELTE CORPORATION Twin Pocket,ESSELTE CORPORATION Twin Pocket,,,,,,,,,10,0,1,0,0,1,1,1,0,1,1,,,1,0,1,0,1,0,1,0,0,0,1,ESSELTE CORPORATION Twin Pocket,0,simple,,
admin,base,Default,simple,"2,3,32,47",9153,0,Pen & Flashlight 2 Pack,,,,,,combination-lock-ast,combination-lock-ast.html,,No layout updates,Product Info Column,,,, ,Use config,Use config,No,10,,1,,Enabled,No,"Catalog, Search",None,Pen & Flashlight 2 Pack,Pen & Flashlight 2 Pack,,,,,,,,,10,0,1,0,0,1,1,1,0,1,1,,,1,0,1,0,1,0,1,0,0,0,1,Pen & Flashlight 2 Pack,0,simple,,
admin,base,Default,simple,"2,3,32,47",9154,0,Staples 3/8,,,,,,combination-lock-ast,combination-lock-ast.html,,No layout updates,Product Info Column,,,, ,Use config,Use config,No,10,,1,,Enabled,No,"Catalog, Search",None,Staples 3/8,Staples 3/8,,,,,,,,,10,0,1,0,0,1,1,1,0,1,1,,,1,0,1,0,1,0,1,0,0,0,1,Staples 3/8,0,simple,,
admin,base,Default,simple,"2,3,32,47",9155,0,Hex Key Set 10 Pc.,,,,,,combination-lock-ast,combination-lock-ast.html,,No layout updates,Product Info Column,,,, ,Use config,Use config,No,12,,1,,Enabled,No,"Catalog, Search",None,Hex Key Set 10 Pc.,Hex Key Set 10 Pc.,,,,,,,,,10,0,1,0,0,1,1,1,0,1,1,,,1,0,1,0,1,0,1,0,0,0,1,Hex Key Set 10 Pc.,0,simple,,
admin,base,Default,simple,"2,3,32,47",9156,0,6-Way Screwdriver,,,,,,combination-lock-ast,combination-lock-ast.html,,No layout updates,Product Info Column,,,, ,Use config,Use config,No,13,,1,,Enabled,No,"Catalog, Search",None,6-Way Screwdriver,6-Way Screwdriver,,,,,,,,,10,0,1,0,0,1,1,1,0,1,1,,,1,0,1,0,1,0,1,0,0,0,1,6-Way Screwdriver,0,simple,,
admin,base,Default,simple,"2,3,32,47",9157,0,Bungee Cord Set 6 Pk.,,,,,,combination-lock-ast,combination-lock-ast.html,,No layout updates,Product Info Column,,,, ,Use config,Use config,No,14,,1,,Enabled,No,"Catalog, Search",None,Bungee Cord Set 6 Pk.,Bungee Cord Set 6 Pk.,,,,,,,,,10,0,1,0,0,1,1,1,0,1,1,,,1,0,1,0,1,0,1,0,0,0,1,Bungee Cord Set 6 Pk.,0,simple,,
admin,base,Default,simple,"2,3,32,48",9161,0,Electronic Toys,,,,,,electronic-toys,electronic-toys.html,,No layout updates,Product Info Column,,,, ,Use config,Use config,No,10,,1,,Enabled,No,"Catalog, Search",None,Electronic Toys,Electronic Toys,,,,,,,,,10,0,1,0,0,1,1,1,0,1,1,,,1,0,1,0,1,0,1,0,0,0,1,Electronic Toys,0,simple,,
admin,base,Default,simple,"2,3,32,48",9162,0,Electronic Toys,,,,,,electronic-toys,electronic-toys.html,,No layout updates,Product Info Column,,,, ,Use config,Use config,No,10,,1,,Enabled,No,"Catalog, Search",None,Electronic Toys,Electronic Toys,,,,,,,,,10,0,1,0,0,1,1,1,0,1,1,,,1,0,1,0,1,0,1,0,0,0,1,Electronic Toys,0,simple,,
admin,base,Default,simple,"2,3,32,48",9163,0,Playballs Deflated 10 In Ast,,,,,,electronic-toys,electronic-toys.html,,No layout updates,Product Info Column,,,, ,Use config,Use config,No,15,,1,,Enabled,No,"Catalog, Search",None,Playballs Deflated 10 In Ast,Playballs Deflated 10 In Ast,,,,,,,,,10,0,1,0,0,1,1,1,0,1,1,,,1,0,1,0,1,0,1,0,0,0,1,Playballs Deflated 10 In Ast,0,simple,,
admin,base,Default,simple,"2,3,32,48",9164,0,Playballs Deflated 10 In Ast,,,,,,electronic-toys,electronic-toys.html,,No layout updates,Product Info Column,,,, ,Use config,Use config,No,15,,1,,Enabled,No,"Catalog, Search",None,Playballs Deflated 10 In Ast,Playballs Deflated 10 In Ast,,,,,,,,,10,0,1,0,0,1,1,1,0,1,1,,,1,0,1,0,1,0,1,0,0,0,1,Playballs Deflated 10 In Ast,0,simple,,
admin,base,Default,simple,"2,3,32,48",9165,0,Car Game Countdown,,,,,,electronic-toys,electronic-toys.html,,No layout updates,Product Info Column,,,, ,Use config,Use config,No,15,,1,,Enabled,No,"Catalog, Search",None,Car Game Countdown,Car Game Countdown,,,,,,,,,10,0,1,0,0,1,1,1,0,1,1,,,1,0,1,0,1,0,1,0,0,0,1,Car Game Countdown,0,simple,,
admin,base,Default,simple,"2,3,32,48",9166,0,Soccer Design Playballs,,,,,,electronic-toys,electronic-toys.html,,No layout updates,Product Info Column,,,, ,Use config,Use config,No,16,,1,,Enabled,No,"Catalog, Search",None,Soccer Design Playballs,Soccer Design Playballs,,,,,,,,,10,0,1,0,0,1,1,1,0,1,1,,,1,0,1,0,1,0,1,0,0,0,1,Soccer Design Playballs,0,simple,,
admin,base,Default,simple,"2,3,32,48",9167,0,Gamecube/N64 Rf Switch,,,,,,electronic-toys,electronic-toys.html,,No layout updates,Product Info Column,,,, ,Use config,Use config,No,17,,1,,Enabled,No,"Catalog, Search",None,Gamecube/N64 Rf Switch,Gamecube/N64 Rf Switch,,,,,,,,,10,0,1,0,0,1,1,1,0,1,1,,,1,0,1,0,1,0,1,0,0,0,1,Gamecube/N64 Rf Switch,0,simple,,
